Asignatura,Género,Edad,Repeticiones,Masa corporal,Estatura,Carrera,Materias matriculadas,Zona.residencia,Estrato
Estadística.I,Femenino,22,1.vez,51,1.57,Contaduría,4,Rural,4
Estadística.I,Masculino,26,Ninguna,75,1.65,Comercio.Ext,6,Urbano,3
Estadística.I,Femenino,22,1.vez,60,1.6,Comercio.Ext,7,Urbano,2
Estadística.I,Femenino,17,1.vez,60,1.7,Administración,7,Urbano,4
Estadística.I,Femenino,18,1.vez,,,Ing.Ambiental,5,Urbano,4
Estadística.I,Femenino,19,Ninguna,53,1.56,Ing.Industrial,6,Urbano,3
Estadística.I,Masculino,24,Ninguna,66,1.8,Ing.Industrial,6,Urbano,2
Estadística.I,Femenino,23,Ninguna,64,1.61,Administración,7,Urbano,3
Estadística.I,Femenino,18,Ninguna,50,1.5,Ing.Industrial,7,Rural,2
Estadística.I,Femenino,16,Ninguna,54,1.6,Ing.Ambiental,7,Urbano,3
Estadística.I,Femenino,19,Ninguna,54,1.5,Administración,7,Rural,2
Estadística.I,Masculino,22,Ninguna,74,1.83,Administración,5,Urbano,3
Estadística.I,Masculino,19,Ninguna,80,1.9,Comercio.Ext,5,Rural,4
Estadística.I,Masculino,26,Ninguna,73,1.73,Administración,7,Urbano,2
Estadística.I,Femenino,22,Ninguna,64,1.6,Administración,7,Rural,3
Bioestadística.enfermería,Femenino,25,Ninguna,60,1.57,Comercio.Ext,6,Rural,2
Estadística.I,Femenino,19,Ninguna,58,1.62,Administración,7,Urbano,3
Estadística.I,Femenino,17,Ninguna,50,1.63,Administración,7,Urbano,3
Estadística.I,Masculino,31,Ninguna,68,1.75,Ing.Industrial,4,Rural,3
Estadística.I,Femenino,24,Ninguna,64,1.72,Comercio.Ext,6,Urbano,3
Estadística.I,Femenino,22,Ninguna,55,1.62,Administración,7,Urbano,3
Estadística.I,Femenino,18,Ninguna,55,1.65,Administración,7,Urbano,3
Estadística.I,Masculino,18,Ninguna,57,1.73,Ing.Sistemas,6,Urbano,2
Matemáticas.II,Femenino,16,2.veces,54,1.6,Ing.Ambiental,7,Urbano,2
Diseño.Experimental,Femenino,22,Ninguna,49,1.59,Ing.Ambiental,5,Urbano,2
Estadística.I,Masculino,18,Ninguna,68,1.75,Administración,7,Rural,1
Diseño.Experimental,Femenino,22,Ninguna,,,Ing.Ambiental,5,Rural,4
Estadística.I,Femenino,18,Ninguna,52,1.64,Administración,7,Urbano,3
Estadística.I,Masculino,19,Ninguna,,,Ing.Electronica,6,Rural,2
Diseño.Experimental,Masculino,25,Ninguna,71,1.67,Ing.Ambiental,6,Rural,1
Diseño.Experimental,Masculino,22,Ninguna,73,1.74,Ing.Ambiental,5,Urbano,2
Diseño.Experimental,Masculino,18,Ninguna,65,1.74,Ing.Ambiental,5,Urbano,2
Diseño.Experimental,Masculino,23,Ninguna,87,1.79,Ing.Ambiental,5,Urbano,3
Estadística.I,Femenino,19,Ninguna,70,1.72,Comercio.Ext,6,Rural,2
Bioestadística.enfermería,Femenino,17,Ninguna,70,1.68,Enfermería,9,Urbano,2
Estadística.I,Femenino,27,Ninguna,61,1.52,Enfermería,8,Urbano,3
Bioestadística.enfermería,Femenino,18,Ninguna,48,1.56,Enfermería,9,Urbano,3
Bioestadística.enfermería,Masculino,19,Ninguna,62,1.80,Enfermería,5,Urbano,3
Bioestadística.enfermería,Masculino,18,Ninguna,59,1.76,Enfermería,9,Rural,4
Bioestadística.enfermería,Femenino,18,Ninguna,54,1.56,Enfermería,8,Urbano,2
Bioestadística.enfermería,Femenino,19,Ninguna,60,1.5,Enfermería,7,Urbano,3
Estadística.II,Masculino,19,Ninguna,68,1.75,Ing.Industrial,6,Urbano,2
Bioestadística.enfermería,Femenino,19,2.veces,58,1.75,Enfermería,6,Rural,1
Estadística.I,Femenino,19,Ninguna,39,1.6,Ing.Ambiental,5,Urbano,2
Bioestadística.enfermería,Femenino,19,Ninguna,49,1.65,Enfermería,8,Urbano,3
Bioestadística.enfermería,Femenino,20,Ninguna,61,1.63,Enfermería,9,Urbano,3
Estadística.I,Masculino,26,Ninguna,73,1.73,Administración,7,Urbano,2
Estadística.II,Femenino,19,Ninguna,54,1.56,Ing.Industrial,6,Urbano,3
Estadística.I,Femenino,18,Ninguna,50,1.5,Ing.Industrial,7,Rural,2
Bioestadística.enfermería,Femenino,18,Ninguna,57,1.63,Enfermería,8,Urbano,3
Bioestadística.enfermería,Femenino,18,Ninguna,54,1.55,Enfermería,8,Urbano,3
Bioestadística.enfermería,Femenino,18,Ninguna,51,1.63,Enfermería,9,Urbano,3
Estadística.I,Masculino,19,Ninguna,74,1.75,Administración,8,Urbano,4
Estadística.I,Femenino,25,Ninguna,76,1.67,Comercio.Ext,5,Urbano,3
Estadística.II,Femenino,37,Ninguna,66,1.65,Ing.Industrial,6,Urbano,2
Bioestadística.enfermería,Masculino,21,Ninguna,49,1.68,Enfermería,8,Rural,1
Estadística.I,Masculino,18,Ninguna,78,1.86,Ing.Industrial,6,Urbano,3
Estadística.I,Masculino,21,Ninguna,73,1.74,Ing.Sistemas,7,Urbano,4
Estadística.II,Femenino,32,Ninguna,55,1.5,Ing.Industrial,4,Rural,3
Estadística.I,Masculino,28,Ninguna,73,1.73,Ing.Industrial,6,Urbano,2
Estadística.II,Femenino,24,Ninguna,55,1.63,Ing.Industrial,4,Urbano,3
Bioestadística.enfermería,Masculino,22,Ninguna,95,1.77,Enfermería,7,Urbano,2
Estadística.I,Masculino,19,Ninguna,65,1.84,Administración,7,Urbano,3
Química,Femenino,16,2.veces,54,1.6,Ing.Ambiental,7,Urbano,2
Estadística.I,Femenino,36,Ninguna,64,1.6,Ing.Electronica,6,Rural,2
Estadística.I,Masculino,19,Ninguna,62,1.79,Ing.Ambiental,5,Urbano,3
Estadística.I,Femenino,18,Ninguna,56,1.6,Ing.Ambiental,6,Rural,1
Estadística.I,Masculino,19,1.vez,68,1.74,Comercio.Ext,7,Rural,3
Estadística.I,Femenino,19,Ninguna,,,Ing.Ambiental,5,Urbano,4
Estadística.I,Femenino,20,Ninguna,65,1.7,Ing.Industrial,6,Rural,2
Estadística.II,Masculino,21,Ninguna,96,1.8,Ing.Industrial,5,Urbano,4
Estadística.I,Femenino,18,Ninguna,65,1.68,Contaduría,6,Urbano,3
Estadística.I,Masculino,22,1.vez,69,1.78,Comercio.Ext,6,Urbano,4
Estadística.I,Femenino,24,3.veces,52,1.57,Ing.Ambiental,6,Urbano,4
Bioestadística.enfermería,Masculino,21,Ninguna,49,1.68,Enfermería,8,Rural,1
Estadística.I,Femenino,18,Ninguna,64,1.58,Contaduría,6,Urbano,2
Estadística.I,Femenino,18,Ninguna,64,1.58,Contaduría,6,Urbano,2
Bioestadística.enfermería,Femenino,17,Ninguna,53,1.66,Enfermería,8,Urbano,3
Bioestadística.enfermería,Masculino,25,Ninguna,74,1.66,Enfermería,8,Urbano,3
Estadística.II,Masculino,19,Ninguna,65,1.75,Ing.Industrial,6,Rural,3
Estadística.II,Femenino,18,1.vez,71,1.75,Ing.Industrial,6,Urbano,3
Bioestadística.enfermería,Femenino,18,Ninguna,58,1.6,Enfermería,8,Urbano,3
Estadística.II,Masculino,26,Ninguna,75,1.8,Ing.Industrial,4,Rural,2
Bioestadística.enfermería,Masculino,18,Ninguna,74,1.73,Enfermería,8,Urbano,3
Estadística.I,Masculino,21,Ninguna,70,1.75,Ing.Ambiental,4,Rural,2
Estadística.II,Masculino,,2.veces,67,1.68,Ing.Industrial,4,Urbano,2
Estadística.II,Femenino,35,1.vez,56,1.57,Ing.Industrial,6,Urbano,3
Bioestadística.enfermería,Masculino,17,1.vez,53,1.68,Enfermería,8,Rural,3
Estadística.II,Masculino,35,Ninguna,84,1.85,Ing.Industrial,4,Urbano,4
Estadística.I,Femenino,18,Ninguna,54,1.57,Ing.Industrial,7,Urbano,3
Bioestadística.enfermería,Femenino,25,Ninguna,64,1.6,Enfermería,9,Rural,2
Bioestadística.enfermería,Femenino,27,2.veces,56,1.64,Enfermería,6,Urbano,3
Bioestadística.enfermería,Masculino,31,Ninguna,67,1.62,Enfermería,6,Urbano,3
Bioestadística.enfermería,Masculino,22,Ninguna,88,1.78,Enfermería,8,Urbano,2
Estadística.I,,28,Ninguna,70,1.61,Ing.Industrial,3,Urbano,3
Estadística.I,,28,Ninguna,70,1.61,Ing.Industrial,3,Urbano,3
Estadística.II,Femenino,42,Ninguna,55,1.6,Ing.Industrial,3,Urbano,3
Diseño.Experimental,Masculino,22,Ninguna,77,1.76,Ing.Ambiental,6,Urbano,4
Estadística.I,Femenino,27,Ninguna,59,1.62,Comercio.Ext,5,Rural,3
Matemáticas.II,Femenino,18,Ninguna,59,"1,568",Comercio.Ext,8,Urbano,3
Matemáticas.II,Femenino,22,Ninguna,60,1.67,Administración,6,Urbano,3
Algebra,Masculino,16,Ninguna,58,1.83,Ing.Sistemas,7,Urbano,4
Algebra,Masculino,16,Ninguna,58,1.83,Ing.Sistemas,7,Urbano,4
Algebra,Femenino,17,Ninguna,53,1.55,Ing.Ambiental,7,Rural,2
Algebra,Femenino,26,Ninguna,54,1.67,Ing.Ambiental,7,Urbano,2
Algebra,Femenino,18,Ninguna,63,1.64,Ing.Ambiental,7,Urbano,4
Matemáticas.II,Femenino,18,Ninguna,69,1.67,Administración,7,Urbano,3
Algebra,Masculino,17,Ninguna,75,1.78,Ing.Sistemas,7,Rural,2
Estadística.II,Masculino,21,Ninguna,55,1.72,Ing.Industrial,5,Urbano,2
Estadística.II,Masculino,21,Ninguna,55,1.72,Ing.Industrial,5,Urbano,2
Estadística.II,Masculino,,1.vez,67,1.68,Ing.Industrial,4,Urbano,2
Algebra,Masculino,20,1.vez,68,1.76,Ing.Ambiental,7,Urbano,3
Matemáticas.II,Femenino,21,Ninguna,60,1.76,Administración,4,Urbano,3
Algebra,Femenino,19,Ninguna,51,1.56,Ing.Industrial,7,Urbano,4
Bioestadística.enfermería,Femenino,21,Ninguna,60,1.6,Enfermería,5,Rural,4
Estadística.II,Femenino,36,Ninguna,78,1.67,Ing.Industrial,4,Urbano,3
Matemáticas.II,Femenino,18,2.veces,55,1.53,Administración,6,Urbano,4
Algebra,Masculino,17,Ninguna,61,1.74,Ing.Sistemas,7,Urbano,2
Algebra,Femenino,16,Ninguna,54,1.64,Ing.Industrial,7,Urbano,2
Matemáticas.II,Femenino,18,Ninguna,56,1.64,Comercio.Ext,6,Urbano,3
Matemáticas.II,Masculino,19,Ninguna,62,1.77,Contaduría,6,Urbano,4
Algebra,Masculino,16,Ninguna,60,1.7,Ing.Ambiental,7,Urbano,2
Estadística.II,Femenino,20,Ninguna,47,1.69,Ing.Industrial,5,Urbano,3
Algebra,Masculino,20,1.vez,73,1.78,Ing.Industrial,5,Urbano,3
Matemáticas.II,Masculino,19,Ninguna,61,1.73,Comercio.Ext,8,Urbano,4
Matemáticas.II,Femenino,20,Ninguna,65,1.62,Contaduría,6,Urbano,3
Matemáticas.II,Masculino,17,Ninguna,90,1.85,Contaduría,6,Rural,3
Matemáticas.II,Masculino,17,Ninguna,90,1.85,Contaduría,6,Rural,3
Matemáticas.II,Masculino,17,Ninguna,90,1.85,Contaduría,6,Rural,3
Matemáticas.II,Femenino,18,Ninguna,57,1.57,Comercio.Ext,7,Urbano,3
Matemáticas.II,Femenino,18,1.vez,59,1.7,Administración,6,Urbano,3
Algebra,Masculino,17,Ninguna,54,1.6,Ing.Electronica,7,Urbano,2
Algebra,Femenino,18,Ninguna,66,1.65,Ing.Industrial,7,Urbano,5
Matemáticas.II,Femenino,19,Ninguna,,1.68,Comercio.Ext,7,Urbano,3
Matemáticas.II,Femenino,19,Ninguna,55,1.67,Contaduría,5,Urbano,3
Matemáticas.II,Masculino,19,Ninguna,,1.8,Comercio.Ext,6,Urbano,3
Matemáticas.II,Masculino,25,Ninguna,75,1.75,Administración,4,Rural,2
Algebra,Masculino,19,1.vez,52,1.71,Ing.Sistemas,7,Urbano,1
Matemáticas.II,Femenino,20,Ninguna,52,1.59,Comercio.Ext,6,Urbano,3
Matemáticas.II,Femenino,22,1.vez,49,1.57,Comercio.Ext,6,Urbano,2
Matemáticas.II,Femenino,20,Ninguna,53,1.59,Administración,6,Urbano,2
Matemáticas.II,Femenino,20,Ninguna,56,1.65,Comercio.Ext,5,Urbano,4
Algebra,Femenino,20,1.vez,51,1.58,Ing.Ambiental,7,Urbano,2
Estadística.I,Masculino,24,Ninguna,80,1.8,Ing.Sistemas,6,Urbano,3
Algebra,Masculino,20,Ninguna,80,1.85,Ing.Sistemas,7,Urbano,4
Algebra,Masculino,18,Ninguna,56,1.58,Ing.Sistemas,7,Urbano,2
Matemáticas.II,Femenino,23,Ninguna,47,1.55,Administración,7,Urbano,3
Matemáticas.II,Femenino,17,Ninguna,49,1.53,Administración,8,Urbano,3
Matemáticas.II,Femenino,21,1.vez,73,1.78,Administración,5,Urbano,3
Estadística.I,Masculino,20,Ninguna,66,1.8,Ing.Sistemas,6,Urbano,1
Algebra,Masculino,16,Ninguna,54,1.83,Ing.Sistemas,7,Urbano,3
Algebra,Femenino,20,2.veces,58.5,1.61,Ing.Industrial,6,Rural,3
Algebra,Masculino,17,Ninguna,49,1.6,Ing.Sistemas,7,Urbano,2
Algebra,Masculino,17,Ninguna,55,1.58,Ing.Sistemas,7,Urbano,2
Estadística.I,Masculino,23,Ninguna,62,1.65,Comercio.Ext,6,Urbano,2
Algebra,Masculino,23,Ninguna,67,1.72,Ing.Sistemas,7,Rural,3
Algebra,Masculino,23,Ninguna,67,1.72,Ing.Sistemas,7,Rural,3
Algebra,Femenino,17,Ninguna,75,1.7,Ing.Ambiental,7,Rural,2
Estadística.I,Masculino,24,1.vez,70,1.73,Administración,8,Urbano,4
Algebra,Masculino,18,Ninguna,111,1.8,Ing.Sistemas,7,Urbano,2
Estadística.I,Femenino,22,Ninguna,55,1.62,Administración,7,Urbano,3
Algebra,Masculino,18,3.veces,,,Ing.Sistemas,5,Urbano,1
Algebra,Masculino,16,Ninguna,62,1.7,Ing.Sistemas,7,Urbano,3
Estadística.II,Masculino,19,Ninguna,79,1.72,Ing.Sistemas,7,Urbano,3
Algebra,Femenino,18,1.vez,65,1.7,Ing.Ambiental,5,Urbano,2
Estadística.I,Femenino,21,1.vez,68,1.7,Enfermería,6,Urbano,3
Algebra,Femenino,20,Ninguna,56,1.6,Ing.Ambiental,7,Urbano,3
Algebra,Masculino,20,1.vez,75,1.70,Ing.Sistemas,6,Rural,2
Matemáticas.II,Masculino,21,Ninguna,68,1.8,Administración,6,Urbano,3
Algebra,Masculino,18,Ninguna,90,1.86,Ing.Sistemas,7,Urbano,3
Algebra,Masculino,16,Ninguna,58,1.83,Ing.Sistemas,7,Urbano,4
Algebra,Masculino,17,Ninguna,60,1.65,Ing.Sistemas,7,Urbano,2
Bioestadística.enfermería,Masculino,20,Ninguna,60,1.7,Enfermería,8,Urbano,2
Algebra,Femenino,19,1.vez,51,1.67,Ing.Industrial,7,Urbano,2
Algebra,Masculino,17,Ninguna,56,1.62,Ing.Sistemas,7,Urbano,2
Bioestadística.enfermería,Femenino,21,1.vez,47,1.58,Enfermería,8,Urbano,3
Estadística.I,Masculino,28,Ninguna,66,1.67,Ing.Industrial,5,Urbano,3
Matemáticas.II,Femenino,18,Ninguna,52,1.55,Contaduría,6,Rural,2
Algebra,Masculino,18,Ninguna,74,1.86,Ing.Sistemas,8,Urbano,3
Algebra,Masculino,16,Ninguna,82,1.68,Ing.Electronica,7,Urbano,3
Matemáticas.II,Femenino,18,Ninguna,55,1.65,Contaduría,7,Urbano,2
Algebra,Femenino,16,Ninguna,50,1.57,Ing.Ambiental,7,Urbano,2
Algebra,Masculino,24,Ninguna,73,1.71,Ing.Industrial,7,Urbano,3
Matemáticas.II,Masculino,21,Ninguna,76,1.77,Ing.Industrial,5,Urbano,3
Matemáticas.II,Femenino,32,Ninguna,72,1.57,Administración,4,Urbano,3
Algebra,Masculino,19,Ninguna,66,1.8,Ing.Sistemas,7,Rural,3
Algebra,Masculino,17,Ninguna,50,1.62,Ing.Sistemas,7,Rural,3
Estadística.I,Masculino,20,Ninguna,73,1.75,Ing.Sistemas,5,Urbano,3
Matemáticas.II,Femenino,19,Ninguna,58,1.62,Administración,6,Urbano,3
Estadística.II,Femenino,23,Ninguna,57,1.6,Administración,4,Urbano,3
Estadística.II,Femenino,20,1.vez,55,1.6,Administración,7,Urbano,3
Estadística.II,Femenino,23,Ninguna,58,1.6,Administración,6,Rural,3
Algebra,Masculino,21,Ninguna,65,1.65,Ing.Sistemas,7,Rural,3
Estadística.II,Femenino,20,Ninguna,60,1.65,Administración,4,Urbano,4
Algebra,Masculino,18,Ninguna,60,1.73,Ing.Sistemas,6,Urbano,3
Estadistica.II.administración,Masculino,21,Ninguna,79,1.76,Administración,7,Urbano,3
Estadística.I,Femenino,20,Ninguna,69,1.61,Administración,7,Urbano,3
Algebra,Masculino,21,Ninguna,64,1.72,Ing.Sistemas,7,Rural,2
Estadística.II,Femenino,25,Ninguna,78,1.65,Administración,4,Urbano,3
Algebra,Masculino,18,1.vez,69,1.74,Ing.Sistemas,7,Urbano,2
Estadística.II,Femenino,22,1.vez,69,1.64,Administración,5,Urbano,3
Algebra,Masculino,17,Ninguna,100,1.8,Ing.Industrial,7,Rural,3
Algebra,Masculino,17,Ninguna,56,1.75,Ing.Sistemas,7,Urbano,3
Estadística.I,Masculino,18,Ninguna,108,1.77,Ing.Sistemas,6,Rural,3
Matemáticas.II,Femenino,25,4.veces.o.mas,54,1.6,Administración,8,Urbano,3
Algebra,Masculino,17,Ninguna,55,1.68,Ing.Electronica,7,Urbano,3
Bioestadística.enfermería,Masculino,35,Ninguna,78,1.7,Enfermería,7,Urbano,3
Algebra,Masculino,18,2.veces,62,1.78,Ing.Electronica,5,Rural,1
Matemáticas.II,Femenino,20,Ninguna,57,1.6,Comercio.Ext,6,Rural,5
Matemáticas.II,Femenino,24,Ninguna,59,1.58,Contaduría,6,Rural,2
Matemáticas.II,Femenino,20,Ninguna,57,1.65,Administración,4,Rural,3
Algebra,Femenino,21,2.veces,51,1.7,Ing.Ambiental,5,Urbano,2
Matemáticas.II,Masculino,18,1.vez,83,1.83,Administración,6,Urbano,3
Matemáticas.II,Masculino,18,Ninguna,56,1.72,Ing.Sistemas,7,Rural,3
Algebra,Femenino,17,Ninguna,62,1.7,Ing.Ambiental,7,Rural,1
Matemáticas.II,Masculino,21,Ninguna,61,1.69,Administración,5,Urbano,3
Matemáticas.II,Femenino,21,Ninguna,57,1.65,Comercio.Ext,8,Urbano,3
Algebra,Masculino,17,1.vez,65,1.8,Ing.Industrial,3,Urbano,3
Algebra,Masculino,20,1.vez,62,1.72,Ing.Industrial,6,Urbano,3
Algebra,Masculino,20,1.vez,62,1.72,Ing.Industrial,6,Urbano,3
Algebra,Femenino,19,1.vez,56,1.74,Ing.Industrial,5,Rural,2
Algebra,Masculino,20,1.vez,61,1.75,Ing.Sistemas,7,Urbano,2
Matemáticas.II,Femenino,24,Ninguna,56,1.54,Administración,6,Urbano,3
Bioestadística.enfermería,Masculino,27,1.vez,58,1.67,Enfermería,5,Rural,2
Bioestadística.enfermería,Masculino,27,1.vez,58,1.67,Enfermería,5,Rural,2
Bioestadística.enfermería,Femenino,18,Ninguna,50,1.5,Enfermería,7,Urbano,3
Matemáticas.II,Femenino,18,Ninguna,56,1.6,Comercio.Ext,7,Rural,3
Bioestadística.enfermería,Femenino,19,Ninguna,65,1.6,Enfermería,8,Rural,1
Bioestadística.enfermería,Femenino,19,Ninguna,65,1.6,Enfermería,8,Rural,1
Algebra,Masculino,20,Ninguna,73,1.63,Ing.Sistemas,7,Urbano,2
Matemáticas.II,Femenino,19,Ninguna,59,1.57,Contaduría,6,Rural,2
Matemáticas.II,Femenino,19,Ninguna,59,1.57,Contaduría,6,Rural,2
Matemáticas.II,Femenino,19,Ninguna,59,1.57,Contaduría,6,Rural,2
Algebra,Masculino,17,Ninguna,,,Ing.Sistemas,7,Rural,3
Algebra,Femenino,18,1.vez,56,1.74,Ing.Industrial,5,Rural,2
Algebra,Femenino,18,1.vez,56,1.74,Ing.Industrial,5,Rural,2
Matemáticas.II,Masculino,20,1.vez,,,Comercio.Ext,6,Rural,3
Bioestadística.enfermería,Femenino,20,1.vez,46,1.58,Enfermería,5,Rural,3
Bioestadística.enfermería,Femenino,17,Ninguna,50,1.53,Enfermería,8,Urbano,2
Estadística.II,Femenino,21,Ninguna,63,1.61,Administración,5,Urbano,2
Estadística.I,Femenino,27,3.veces,55,1.65,Enfermería,6,Urbano,3
Estadística.I,Femenino,27,3.veces,55,1.65,Enfermería,6,Urbano,3
Algebra,Femenino,18,Ninguna,64,1.64,Ing.Ambiental,7,Urbano,4
Algebra,Masculino,17,Ninguna,59,1.73,Ing.Electronica,7,Rural,2
Algebra,Femenino,17,Ninguna,62,1.7,Ing.Ambiental,7,Rural,1
Matemáticas.II,Femenino,21,Ninguna,50,1.6,Comercio.Ext,4,Urbano,3
Estadística.II,Masculino,18,Ninguna,80,1.77,Administración,8,Urbano,3
Matemáticas.II,Femenino,24,Ninguna,43,1.54,Comercio.Ext,6,Urbano,3
Matemáticas.II,Masculino,24,Ninguna,63,1.6,Comercio.Ext,7,Rural,2
Bioestadística.enfermería,Masculino,30,3.veces,65,1.67,Enfermería,2,Urbano,2
Algebra,Femenino,17,Ninguna,58,1.62,Ing.Ambiental,7,Urbano,2
Algebra,Femenino,17,Ninguna,49,1.56,Ing.Ambiental,7,Urbano,1
Estadística.II,Femenino,30,Ninguna,62,1.61,Administración,5,Rural,3
Matemáticas.II,Masculino,25,Ninguna,101,1.78,Administración,4,Urbano,3
Estadística.I,Masculino,38,1.vez,72,1.63,Enfermería,4,Urbano,3
Algebra,Femenino,17,Ninguna,49,1.54,Ing.Ambiental,6,Rural,2
Algebra,Femenino,21,1.vez,55,1.64,Ing.Industrial,6,Urbano,2
Algebra,Femenino,24,1.vez,69,1.65,Ing.Industrial,4,Urbano,2
Matemáticas.II,Femenino,22,Ninguna,59,1.58,Comercio.Ext,6,Rural,2
Matemáticas.II,Femenino,22,Ninguna,59,1.58,Comercio.Ext,6,Rural,2
Biología,Masculino,19,1.vez,56,1.75,Zootecnia,5,Urbano,4
Biología,Femenino,17,1.vez,52,1.65,Enfermería,7,Urbano,3
Biología,Femenino,17,1.vez,52,1.65,Enfermería,7,Urbano,3
Biología,Femenino,17,Ninguna,75,1.7,Ing.Ambiental,7,Rural,2
Matemáticas.II,Femenino,19,Ninguna,55,1.73,Comercio.Ext,5,Urbano,3
Biología,Femenino,17,Ninguna,52,1.55,Ing.Ambiental,7,Rural,2
Biología,Femenino,17,,58,1.62,Ing.Ambiental,7,Rural,2
Biología,Masculino,21,Ninguna,63,1.79,Enfermería,7,Urbano,1
Biología,Femenino,17,Ninguna,43,1.52,Enfermería,7,Urbano,2
Matemáticas.II,Femenino,22,Ninguna,54,1.6,Comercio.Ext,4,Urbano,3
Algebra,Masculino,17,Ninguna,66,1.8,Ing.Ambiental,7,Urbano,2
Estadística.II,Femenino,31,Ninguna,60,1.65,Administración,7,Urbano,3
Algebra,Masculino,17,Ninguna,63,1.7,Ing.Industrial,3,Rural,2
Algebra,Masculino,21,Ninguna,73,1.74,Ing.Industrial,5,Urbano,2
Matemáticas.I,Femenino,17,Ninguna,70,1.78,Comercio.Ext,6,Urbano,3
Matemáticas.I,Masculino,31,3.veces,75,1.75,Comercio.Ext,2,Urbano,3
Algebra,Masculino,21,Ninguna,65,1.65,Ing.Sistemas,7,Rural,3
Algebra,Masculino,19,Ninguna,65,1.73,Ing.Industrial,6,Urbano,2
Algebra,Femenino,20,Ninguna,58,1.61,Ing.Ambiental,6,Urbano,3
Algebra,Masculino,18,1.vez,61,1.62,Ing.Sistemas,6,Urbano,2
Matemáticas.I,Femenino,21,Ninguna,65,1.65,Administración,5,Rural,2
Matemáticas.II,Masculino,21,1.vez,67,1.81,Comercio.Ext,6,Urbano,3
Matemáticas.I,Femenino,20,Ninguna,63,1.54,Contaduría,7,Urbano,3
Matemáticas.I,Femenino,,Ninguna,55,1.68,Comercio.Ext,8,Rural,2
Matemáticas.I,Masculino,20,Ninguna,64,1.73,Administración,6,Urbano,2
Matemáticas.I,Femenino,18,Ninguna,49,1.52,Comercio.Ext,7,Urbano,3
Matemáticas.I,Masculino,25,Ninguna,80,,Administración,4,Rural,2
Matemáticas.I,Femenino,18,Ninguna,,1.65,Contaduría,7,Urbano,3
Matemáticas.I,Femenino,19,Ninguna,51,1.57,Administración,6,Urbano,4
Matemáticas.I,Femenino,17,Ninguna,50,1.68,Administración,7,Urbano,3
Matemáticas.I,Femenino,19,Ninguna,50,1.56,Administración,6,Urbano,4
Matemáticas.I,Masculino,18,Ninguna,80,1.85,Administración,7,Rural,4
Matemáticas.I,Femenino,26,1.vez,50,1.63,Administración,7,Rural,2
Matemáticas.I,Masculino,20,Ninguna,78,1.82,Comercio.Ext,7,Urbano,3
Matemáticas.I,Masculino,17,Ninguna,69,1.7,Administración,6,Urbano,1
Matemáticas.I,Masculino,17,Ninguna,77,1.87,Comercio.Ext,8,Urbano,3
Matemáticas.I,Femenino,19,Ninguna,59,1.65,Administración,7,Rural,3
Matemáticas.I,Masculino,18,Ninguna,62,1.7,Comercio.Ext,8,Urbano,2
Matemáticas.I,Femenino,19,Ninguna,56,1.56,Administración,7,Rural,2
Matemáticas.I,Femenino,18,Ninguna,59,1.58,Comercio.Ext,6,Urbano,3
Matemáticas.I,Femenino,17,Ninguna,49,1.52,Comercio.Ext,8,Urbano,3
Matemáticas.I,Femenino,18,Ninguna,52,1.59,Comercio.Ext,6,Urbano,3
Matemáticas.I,Femenino,28,Ninguna,75,1.63,Administración,6,Urbano,3
Matemáticas.I,Femenino,20,Ninguna,67,1.70,Comercio.Ext,8,Urbano,1
Matemáticas.I,Femenino,17,Ninguna,42,1.54,Administración,6,Urbano,2
Matemáticas.I,Femenino,17,Ninguna,44,1.5,Contaduría,7,Urbano,3
Matemáticas.I,Masculino,17,1.vez,59,1.68,Comercio.Ext,8,Urbano,4
Matemáticas.I,Femenino,24,Ninguna,55,1.61,Comercio.Ext,8,Urbano,3
Matemáticas.I,Femenino,17,Ninguna,62,1.71,Comercio.Ext,8,Rural,3
Matemáticas.I,Masculino,17,1.vez,50,1.57,Administración,6,Rural,3
Matemáticas.I,Masculino,18,1.vez,60,1.81,Administración,6,Rural,3
Matemáticas.I,Masculino,18,1.vez,69,1.7,Comercio.Ext,4,Urbano,2
Matemáticas.I,Femenino,25,Ninguna,62,1.73,Contaduría,4,Rural,3
Matemáticas.I,Masculino,26,Ninguna,89,1.76,Comercio.Ext,6,Urbano,3
Matemáticas.I,Masculino,19,Ninguna,73,1.72,Comercio.Ext,8,Urbano,3
Matemáticas.I,Masculino,17,Ninguna,54,1.75,Administración,6,Urbano,3
Matemáticas.I,Masculino,20,Ninguna,68,1.83,Administración,7,Rural,2
Matemáticas.I,Femenino,18,1.vez,,1.62,Comercio.Ext,7,Rural,2
Matemáticas.I,Masculino,23,2.veces,84,1.70,Contaduría,4,Urbano,3
Matemáticas.I,Femenino,18,1.vez,46,1.42,Comercio.Ext,7,Rural,3
Matemáticas.I,Femenino,23,2.veces,55.8,1.62,Comercio.Ext,4,Urbano,2
Matemáticas.I,Masculino,17,Ninguna,60,1.78,Comercio.Ext,8,Urbano,3
Matemáticas.I,Femenino,17,Ninguna,35,1.38,Comercio.Ext,8,Urbano,2
Matemáticas.I,Femenino,22,1.vez,70,1.8,Comercio.Ext,9,Urbano,4
Matemáticas.I,Masculino,16,Ninguna,65,1.74,Zootecnia,6,Rural,2
Biología,Masculino,16,Ninguna,64,1.74,Zootecnia,6,Rural,2
Biología,Masculino,18,Ninguna,65,1.7,Agronomia,6,Rural,2
Matemáticas.I,Femenino,17,Ninguna,54,1.64,Zootecnia,4,Urbano,4
Matemáticas.I,Femenino,17,Ninguna,54,1.55,Zootecnia,6,Urbano,3
Matemáticas.I,Masculino,26,1.vez,82,1.78,Agronomia,4,Urbano,3
Matemáticas.I,Masculino,17,Ninguna,60,1.72,Zootecnia,6,Urbano,2
Matemáticas.I,Masculino,17,Ninguna,68,1.71,Zootecnia,6,Rural,3
Matemáticas.I,Femenino,19,3.veces,56,1.53,Zootecnia,5,Urbano,3
Matemáticas.I,Masculino,17,Ninguna,60,1.73,Zootecnia,6,Urbano,2
Matemáticas.I,Masculino,25,Ninguna,71,1.74,Contaduría,7,Rural,1
Matemáticas.I,Masculino,19,1.vez,80,1.80,Zootecnia,3,Rural,3
Matemáticas.I,Masculino,19,1.vez,80,1.80,Zootecnia,3,Rural,3
Matemáticas.I,Masculino,19,Ninguna,62,1.77,Agronomia,6,Urbano,3
Matemáticas.I,Femenino,18,Ninguna,42,1.55,Agronomia,5,Rural,2
Matemáticas.I,Femenino,18,Ninguna,42,1.55,Agronomia,5,Rural,2
Química,Femenino,16,1.vez,54,1.6,Ing.Ambiental,7,Urbano,2
Química,Femenino,20,Ninguna,50,1.57,Ing.Ambiental,7,Urbano,2
Química,Femenino,,1.vez,53,1.6,Ing.Ambiental,5,Rural,2
Química,Femenino,17,Ninguna,51,1.65,Enfermería,7,Urbano,3
Química,Femenino,19,Ninguna,50,1.56,Ing.Ambiental,5,Urbano,2
Química,Femenino,19,Ninguna,53,1.56,Ing.Industrial,7,Urbano,3
Química,Masculino,18,Ninguna,68,1.69,Ing.Industrial,5,Urbano,3
Química,Masculino,17,Ninguna,68,1.71,Zootecnia,6,Rural,3
Química,Femenino,18,Ninguna,50,1.5,Ing.Industrial,7,Rural,2
Química,Masculino,17,Ninguna,68,1.71,Zootecnia,6,Rural,3
Química,Femenino,18,Ninguna,42,1.55,Agronomia,5,Rural,2
Química,Femenino,26,1.vez,106,1.68,Zootecnia,6,Urbano,3
Química,Masculino,16,Ninguna,64,1.74,Zootecnia,6,Rural,2
Química,Masculino,24,1.vez,73,1.69,Ing.Industrial,7,Urbano,2
Matemáticas.I,Femenino,18,1.vez,52,1.67,Zootecnia,5,Urbano,2
Matemáticas.I,Femenino,18,1.vez,52,1.67,Zootecnia,5,Urbano,2
Química,Femenino,,Ninguna,,,Ing.Ambiental,5,Urbano,4
Química,Masculino,17,Ninguna,63,1.73,Agronomia,6,Rural,1
Química,Masculino,17,Ninguna,63,1.73,Agronomia,6,Rural,1
Química,Masculino,24,1.vez,78,1.69,Ing.Ambiental,5,Rural,2
Química,Masculino,18,2.veces,68,1.79,Ing.Industrial,6,Rural,2
Química,Masculino,20,Ninguna,74,1.78,Zootecnia,3,Rural,5
Química,Masculino,22,Ninguna,73,1.73,Ing.Industrial,5,Rural,3
Química,Femenino,22,Ninguna,,1.61,Ing.Industrial,4,Urbano,3
Química,Masculino,19,Ninguna,59,1.76,Ing.Industrial,3,Urbano,3
Química,Masculino,25,1.vez,75,1.8,Ing.Industrial,6,Rural,2
Calculo.Integral,Femenino,20,3.veces,52,1.6,Ing.Industrial,5,Urbano,2
Química,Masculino,19,1.vez,62,1.75,Agronomia,4,Urbano,3
Química,Femenino,24,3.veces,54,1.55,Ing.Ambiental,6,Urbano,4
Química,Masculino,21,2.veces,65,1.75,Ing.Ambiental,4,Urbano,3
Química,Masculino,17,Ninguna,70,1.65,Ing.Industrial,6,Rural,2
Calculo.Diferencial,Masculino,19,Ninguna,55,1.74,Ing.Sistemas,6,Urbano,3
Calculo.Diferencial,Masculino,21,Ninguna,72,1.83,Ing.Ambiental,4,Urbano,3
Calculo.Integral,Femenino,20,1.vez,44,1.55,Ing.Ambiental,5,Rural,2
Calculo.Diferencial,Femenino,19,4.veces.o.mas,64,1.65,Ing.Ambiental,5,Rural,2
Química,Femenino,17,Ninguna,50,1.55,Zootecnia,6,Urbano,2
Calculo.Diferencial,Femenino,18,Ninguna,57,1.65,Ing.Ambiental,5,Urbano,3
Calculo.Diferencial,Masculino,27,Ninguna,78,1.68,Ing.Electronica,3,Urbano,3
Calculo.Diferencial,Femenino,19,1.vez,47,1.58,Ing.Sistemas,5,Urbano,2
Calculo.Diferencial,Masculino,27,4.veces.o.mas,69,1.74,Ing.Industrial,6,Urbano,3
Calculo.Diferencial,Femenino,18,1.vez,52,1.58,Ing.Industrial,5,Urbano,3
Calculo.Diferencial,Masculino,17,Ninguna,80,1.80,Ing.Sistemas,6,Urbano,3
Calculo.Diferencial,Masculino,27,4.veces.o.mas,69,1.74,Ing.Industrial,6,Urbano,3
Calculo.Diferencial,Masculino,26,1.vez,65,1.69,Ing.Electronica,4,Urbano,3
Calculo.Diferencial,Masculino,19,1.vez,67,1.71,Ing.Electronica,5,Urbano,2
Calculo.Diferencial,Masculino,18,Ninguna,53,1.66,Ing.Sistemas,7,Urbano,3
Calculo.Diferencial,Masculino,22,Ninguna,67,1.8,Ing.Electronica,4,Urbano,4
Ecuaciones.Diferenciales,Masculino,21,1.vez,65,1.75,Ing.Ambiental,4,Urbano,3
Calculo.Integral,Masculino,31,Ninguna,64,1.69,Ing.Industrial,3,Urbano,3
Calculo.Diferencial,Masculino,18,Ninguna,65,1.70,Ing.Sistemas,7,Urbano,3
Calculo.Diferencial,Femenino,17,2.veces,,,Ing.Ambiental,5,Urbano,3
Calculo.Diferencial,Masculino,18,Ninguna,64,1.77,Ing.Sistemas,7,Urbano,2
Calculo.Diferencial,Masculino,23,2.veces,89,1.68,Ing.Ambiental,5,Urbano,3
Calculo.Diferencial,Masculino,21,1.vez,75,1.78,Ing.Sistemas,5,Rural,1
Calculo.Diferencial,Masculino,20,1.vez,66,1.74,Ing.Sistemas,6,Urbano,3
Calculo.Diferencial,Femenino,20,3.veces,44,1.59,Ing.Industrial,6,Urbano,4
Calculo.Diferencial,Masculino,18,2.veces,68,1.79,Ing.Industrial,6,Rural,2
Calculo.Diferencial,Masculino,19,1.vez,50,1.71,Ing.Ambiental,6,Urbano,3
Calculo.Diferencial,Masculino,23,2.veces,74,1.7,Ing.Industrial,4,Urbano,3
Química,Masculino,23,1.vez,74,1.7,Ing.Industrial,4,Urbano,3
Calculo.Diferencial,Masculino,18,1.vez,,,Ing.Sistemas,5,Urbano,3
Calculo.Diferencial,Masculino,23,Ninguna,95,1.7,Ing.Industrial,4,Urbano,3
Calculo.Diferencial,Masculino,27,1.vez,68,1.72,Ing.Industrial,4,Urbano,2
Calculo.Diferencial,Masculino,18,1.vez,80,1.73,Ing.Sistemas,7,Urbano,3
Calculo.Diferencial,Femenino,19,2.veces,53,1.6,Ing.Industrial,4,Urbano,3
Calculo.Diferencial,Masculino,26,Ninguna,72,1.73,Ing.Industrial,5,Rural,3
Calculo.Diferencial,Femenino,22,2.veces,59,1.55,Ing.Ambiental,5,Urbano,2
Calculo.Diferencial,Masculino,18,Ninguna,,1.79,Ing.Industrial,6,Urbano,2
Química,Masculino,25,Ninguna,82,1.71,Ing.Ambiental,7,Rural,2
Calculo.Diferencial,Masculino,25,Ninguna,83,1.71,Ing.Industrial,7,Rural,2
Química,Masculino,23,Ninguna,54,1.7,Agronomia,3,Rural,2
Matemáticas.I,Masculino,23,1.vez,54,1.7,Agronomia,3,Rural,2
Calculo.Diferencial,Masculino,18,1.vez,59,1.7,Ing.Sistemas,6,Urbano,3
Fisica.Mecánica,Masculino,27,2.veces,69,1.74,Ing.Industrial,6,Urbano,3
Calculo.Diferencial,Femenino,20,4.veces.o.mas,48,1.61,Ing.Industrial,5,Urbano,3
Calculo.Diferencial,Masculino,20,1.vez,65,1.8,Ing.Sistemas,6,Urbano,1
Calculo.Diferencial,Femenino,20,3.veces,65,1.7,Ing.Industrial,6,Rural,2
Algebra,Masculino,26,3.veces,76,1.7,Ing.Industrial,5,Rural,2
Algebra,Masculino,26,3.veces,76,1.7,Ing.Industrial,5,Rural,2
Geometria.trigonometría,Masculino,26,2.veces,76,1.7,Ing.Industrial,5,Rural,2
Geometria.trigonometría,Masculino,26,2.veces,76,1.7,Ing.Industrial,5,Rural,2
Química,Masculino,27,1.vez,68,1.72,Ing.Industrial,4,Urbano,2
Estadística.I,Masculino,27,1.vez,68,1.72,Ing.Industrial,4,Urbano,2
Química,Masculino,27,1.vez,68,1.72,Ing.Industrial,4,Urbano,2
Calculo.Diferencial,Masculino,27,1.vez,68,1.72,Ing.Industrial,4,Urbano,2
Calculo.Diferencial,Masculino,19,2.veces,66,1.83,Ing.Sistemas,5,Urbano,3
Calculo.Diferencial,Masculino,19,1.vez,61,1.71,Ing.Ambiental,4,Rural,1
Química,Femenino,19,Ninguna,56,1.53,Zootecnia,5,Urbano,3
Calculo.Diferencial,Femenino,27,4.veces.o.mas,56,1.61,Ing.Industrial,5,Urbano,2
Calculo.Diferencial,Femenino,,1.vez,,,Ing.Ambiental,5,Urbano,4
Algebra.lineal,Femenino,,1.vez,,,Ing.Ambiental,5,Urbano,4
Calculo.Multivariado,Masculino,18,Ninguna,57,1.63,Ing.Sistemas,5,Rural,1
Geometria.trigonometría,Femenino,26,Ninguna,55,1.67,Ing.Ambiental,7,Urbano,2
Calculo.Multivariado,Masculino,19,Ninguna,63,1.84,Ing.Electronica,5,Urbano,3
Algebra,Masculino,18,Ninguna,90,1.86,Ing.Sistemas,7,Urbano,3
Algebra,Femenino,17,Ninguna,50,1.68,Ing.Industrial,7,Urbano,3
Algebra,Femenino,17,Ninguna,50,1.68,Ing.Industrial,7,Urbano,3
Geometria.trigonometría,Masculino,17,Ninguna,58,1.62,Ing.Sistemas,7,Urbano,2
Algebra.lineal,Masculino,19,1.vez,67,1.71,Ing.Electronica,5,Urbano,2
Geometria.trigonometría,Masculino,17,Ninguna,56,1.72,Ing.Ambiental,7,Urbano,3
Calculo.Diferencial,Masculino,22,3.veces,72,1.72,Ing.Industrial,3,Urbano,3
Geometria.trigonometría,Femenino,16,Ninguna,45,1.59,Ing.Industrial,7,Rural,3
Geometria.trigonometría,Masculino,19,Ninguna,63,1.75,Ing.Sistemas,7,Urbano,3
Geometria.trigonometría,Masculino,18,1.vez,66,1.68,Ing.Sistemas,7,Rural,1
Geometria.trigonometría,Femenino,17,Ninguna,62,1.63,Ing.Sistemas,7,Urbano,3
Geometria.trigonometría,Masculino,18,Ninguna,60,1.71,Ing.Ambiental,7,Urbano,3
Calculo.Diferencial,Femenino,18,2.veces,54,1.60,Ing.Industrial,6,Urbano,3
Algebra.lineal,Femenino,18,1.vez,54,1.60,Ing.Industrial,6,Urbano,3
Algebra.lineal,Masculino,17,Ninguna,70,1.80,Ing.Sistemas,6,Urbano,3
Metodos.numéricos,Masculino,19,Ninguna,65,1.75,Ing.Sistemas,6,Urbano,4
Metodos.numéricos,Masculino,28,Ninguna,73,1.73,Ing.Electronica,3,Urbano,3
Calculo.Diferencial,Femenino,22,2.veces,54,1.57,Ing.Industrial,5,Rural,3
Algebra.lineal,Masculino,20,1.vez,54,1.78,Ing.Industrial,7,Urbano,3
Calculo.Multivariado,Masculino,30,2.veces,90,1.78,Ing.Industrial,3,Urbano,3
Calculo.Diferencial,Femenino,23,1.vez,60,1.70,Ing.Industrial,6,Urbano,3
Geometria.trigonometría,Masculino,18,Ninguna,112,1.80,Ing.Sistemas,7,Urbano,2
Geometria.trigonometría,Masculino,20,Ninguna,60,1.64,Ing.Ambiental,7,Urbano,3
Algebra.lineal,Femenino,19,1.vez,52,1.75,Ing.Industrial,5,Urbano,3
Algebra.lineal,Masculino,24,1.vez,73,1.76,Ing.Industrial,6,Urbano,2
Calculo.Diferencial,Masculino,24,1.vez,73,1.69,Ing.Industrial,6,Urbano,2
Algebra.lineal,Masculino,24,1.vez,73,1.69,Ing.Industrial,6,Urbano,2
Química,Masculino,24,1.vez,73,1.69,Ing.Industrial,6,Urbano,2
Algebra,Masculino,33,1.vez,73,1.73,Ing.Industrial,4,Urbano,2
Algebra.lineal,Masculino,24,1.vez,73,1.69,Ing.Sistemas,6,Urbano,2
Algebra.lineal,Femenino,18,Ninguna,55,1.60,Ing.Ambiental,5,Rural,2
Calculo.Diferencial,Masculino,24,1.vez,73,1.69,Ing.Industrial,3,Urbano,2
Calculo.Diferencial,Masculino,24,1.vez,73,1.69,Ing.Industrial,3,Urbano,2
Química,Masculino,19,1.vez,71,1.70,Ing.Ambiental,5,Urbano,2
Algebra.lineal,Masculino,35,Ninguna,90,1.80,Ing.Industrial,6,Urbano,3
Geometria.trigonometría,Masculino,17,Ninguna,60,1.70,Ing.Ambiental,7,Rural,1
Algebra.lineal,Masculino,18,Ninguna,53,1.66,Ing.Sistemas,7,Urbano,3
Algebra.lineal,Femenino,22,Ninguna,65,1.68,Ing.Sistemas,4,Rural,1
Química,Femenino,17,1.vez,55,1.63,Zootecnia,4,Urbano,4
Geometria.trigonometría,Femenino,18,Ninguna,56,1.60,Ing.Ambiental,7,Urbano,3
Calculo.Diferencial,Masculino,20,1.vez,54,1.78,Ing.Industrial,7,Urbano,3
Calculo.Integral,Masculino,28,Ninguna,85,1.76,Ing.Sistemas,5,Rural,2
Geometria.trigonometría,Femenino,18,1.vez,64,1.70,Ing.Ambiental,5,Rural,2
Geometria.trigonometría,Femenino,17,Ninguna,78,1.80,Ing.Ambiental,6,Urbano,2
Geometria.trigonometría,Femenino,17,Ninguna,53,1.55,Ing.Ambiental,7,Urbano,2
Geometria.trigonometría,Femenino,17,Ninguna,50,1.53,Ing.Ambiental,7,Urbano,3
Geometria.trigonometría,Femenino,17,Ninguna,50,1.50,Ing.Ambiental,7,Urbano,2
Química,Femenino,19,Ninguna,43,1.60,Ing.Industrial,5,Urbano,3
Geometria.trigonometría,Femenino,19,1.vez,43,1.60,Ing.Industrial,5,Urbano,3
Química,Masculino,17,Ninguna,60,1.73,Zootecnia,6,Urbano,2
Biología,Femenino,20,Ninguna,70,1.65,Enfermería,7,Urbano,2
Algebra,Femenino,17,Ninguna,58,1.50,Ing.Ambiental,7,Rural,1
Algebra,Masculino,18,Ninguna,68,1.69,Ing.Industrial,5,Urbano,3
Algebra,Masculino,17,Ninguna,74,1.68,Ing.Sistemas,7,Urbano,3
Algebra,Masculino,16,Ninguna,65,1.81,Ing.Industrial,7,Urbano,3
Geometria.trigonometría,Masculino,18,Ninguna,66,1.68,Ing.Sistemas,6,Rural,1
Calculo.Diferencial,Masculino,18,Ninguna,61.2,1.73,Ing.Electronica,5,Urbano,4
Algebra,Masculino,17,Ninguna,56,1.62,Ing.Sistemas,7,Urbano,2
Geometria.trigonometría,Masculino,17,Ninguna,63,1.73,Ing.Industrial,7,Urbano,1
Geometria.trigonometría,Masculino,17,Ninguna,63,1.73,Ing.Industrial,7,Urbano,1
Geometria.trigonometría,Masculino,16,Ninguna,61,1.70,Ing.Sistemas,7,Urbano,3
Geometria.trigonometría,Masculino,17,Ninguna,58,1.75,Ing.Sistemas,7,Urbano,3
Algebra.lineal,Femenino,18,Ninguna,58,1.59,Ing.Ambiental,7,Urbano,3
Matemáticas.I,Femenino,24,1.vez,59,1.61,Contaduría,7,Urbano,3
Matemáticas.I,Femenino,17,Ninguna,50,1.63,Comercio.Ext,8,Urbano,3
Matemáticas.I,Masculino,20,Ninguna,47,1.60,Administración,5,Rural,1
Matemáticas.I,Femenino,16,Ninguna,64,1.62,Comercio.Ext,8,Rural,2
Estadística.I,Masculino,19,Ninguna,70,1.82,Administración,7,Urbano,3
Matemáticas.I,Femenino,21,4.veces.o.mas,59,1.64,Administración,6,Rural,3
Matemáticas.I,Masculino,21,1.vez,74,1.74,Comercio.Ext,7,Urbano,2
Matemáticas.I,Masculino,17,Ninguna,75,1.70,Contaduría,7,Urbano,3
Biología,Femenino,16,Ninguna,70,1.65,Enfermería,7,Rural,1
Biología,Masculino,16,Ninguna,65,1.68,Enfermería,7,Rural,1
Biología,Femenino,22,Ninguna,56,1.60,Enfermería,7,Urbano,1
Biología,Femenino,21,2.veces,45,1.58,Enfermería,7,Urbano,3
Biología,Femenino,20,Ninguna,69,1.65,Enfermería,7,Urbano,2
Estadística.II,Masculino,19,Ninguna,65,1.79,Ing.Industrial,4,Rural,2
Estadística.II,Femenino,22,Ninguna,48,1.56,Ing.Industrial,4,Rural,2
Estadística.I,Femenino,22,Ninguna,64,1.67,Administración,5,Urbano,3
Estadística.I,Masculino,18,Ninguna,77,1.68,Ing.Sistemas,6,Urbano,3
Estadística.I,Femenino,19,Ninguna,60,1.69,Ing.Ambiental,6,Urbano,1
Estadística.I,Femenino,25,Ninguna,54,1.60,Administración,7,Urbano,3
Estadística.I,Femenino,19,Ninguna,67,1.68,Administración,6,Urbano,3
Estadística.II,Masculino,34,Ninguna,78,1.80,Ing.Industrial,3,Urbano,3
Estadística.II,Masculino,21,Ninguna,76,1.76,Ing.Industrial,5,Rural,3
Estadística.I,Femenino,20,Ninguna,60,1.71,Administración,6,Rural,3
Estadística.I,Masculino,18,Ninguna,70,1.80,Ing.Sistemas,6,Urbano,4
Estadística.I,Masculino,18,Ninguna,70,1.73,Ing.Ambiental,5,Urbano,3
Estadística.I,Masculino,21,Ninguna,75,1.77,Ing.Electronica,5,Urbano,3
Estadística.I,Masculino,18,Ninguna,70,1.73,Ing.Ambiental,5,Urbano,3
Estadística.II,Femenino,19,Ninguna,62,1.65,Ing.Industrial,3,Urbano,1
Estadística.I,Masculino,21,Ninguna,69,1.68,Enfermería,7,Urbano,2
Estadística.II,Masculino,22,Ninguna,90,1.76,Ing.Industrial,5,Urbano,1
Estadística.II,Femenino,18,Ninguna,50,1.52,Ing.Industrial,6,Urbano,3
Estadística.II,Masculino,20,Ninguna,70,1.73,Ing.Industrial,5,Urbano,2
Estadística.II,Masculino,18,Ninguna,70,1.75,Ing.Industrial,5,Rural,3
Estadística.I,Femenino,20,Ninguna,60,1.60,Comercio.Ext,9,Urbano,3
Estadística.II,Masculino,23,Ninguna,66,1.69,Ing.Industrial,6,Urbano,2
Estadística.II,Masculino,24,Ninguna,70,1.70,Ing.Industrial,5,Urbano,3
Estadística.II,Masculino,31,Ninguna,68,1.74,Ing.Industrial,5,Rural,4
Estadística.II,Masculino,30,Ninguna,86,1.84,Ing.Industrial,5,Rural,3
Estadística.I,Masculino,20,Ninguna,74,1.83,Ing.Sistemas,6,Urbano,5
Estadística.I,Masculino,19,1.vez,77,1.80,Contaduría,7,Urbano,3
Estadística.I,Femenino,25,Ninguna,54,1.60,Administración,7,Urbano,3
Estadística.I,Femenino,18,1.vez,55,1.57,Ing.Industrial,6,Urbano,2
Estadística.II,Masculino,18,Ninguna,,1.79,Ing.Industrial,5,Urbano,2
Estadística.II,Femenino,20,Ninguna,45,1.59,Ing.Industrial,6,Urbano,4
Estadística.I,Femenino,22,Ninguna,64,1.67,Administración,5,Urbano,3
Estadística.I,Masculino,19,1.vez,,1.69,Ing.Industrial,7,Urbano,3
Estadística.I,Femenino,18,Ninguna,,1.60,Ing.Ambiental,5,Rural,2
Estadística.I,Femenino,18,Ninguna,,1.58,Ing.Industrial,6,Rural,4
Estadística.I,Masculino,21,Ninguna,,1.81,Comercio.Ext,7,Urbano,3
Estadística.I,Masculino,19,Ninguna,,1.90,Administración,6,Rural,4
Estadística.I,Masculino,19,Ninguna,,1.79,Contaduría,7,Urbano,3
Estadística.I,Masculino,18,Ninguna,,1.77,Ing.Sistemas,7,Urbano,3
Estadística.I,Masculino,18,Ninguna,,1.74,Ing.Sistemas,8,Rural,2
Estadística.I,Masculino,20,Ninguna,,1.82,Administración,7,Urbano,3
Estadística.I,Masculino,20,Ninguna,,1.85,Administración,7,Urbano,3
Estadística.I,Masculino,22,Ninguna,,1.74,Ing.Industrial,4,Urbano,2
Estadística.I,Femenino,17,Ninguna,,1.63,Ing.Industrial,7,Urbano,2
Estadística.I,Masculino,18,Ninguna,,1.65,Ing.Sistemas,6,Urbano,2
Estadística.I,Femenino,18,Ninguna,,1.63,Ing.Industrial,5,Urbano,3
Estadística.I,Femenino,23,Ninguna,,1.64,Comercio.Ext,6,Rural,2
Estadística.I,Masculino,20,Ninguna,,1.70,Comercio.Ext,6,Urbano,4
